date_time,DJIA_Price,DJIA_Open,DJIA_High,DJIA_Low,DJIA_Vol.,DJIA_Change %
2023-03-01,32930.14,32656.37,32973.59,32500.84,,0.84
2023-02-01,32654.98,34039.6,34333.87,32638.35,,-4.2
2023-01-01,34086.89,33225.61,34342.28,32812.33,,2.83
2022-12-01,33147.28,34533.59,34711.63,32573.43,,-4.16
2022-11-01,34587.46,32927.61,34587.46,31728.85,,5.66
2022-10-01,32734.4,28855.25,32888.75,28666.77,,13.94
2022-09-01,28730.12,31454.58,32503.16,28723.55,,-8.83
2022-08-01,31511.09,32755.71,34281.16,31511.09,,-4.07
2022-07-01,32846.45,30740.97,32906.21,30145.31,,6.71
2022-06-01,30779.71,33156.31,33270.83,29654.59,,-6.71
2022-05-01,32991.97,33045.95,34113.4,30635.76,3010000000.0,0.04
2022-04-01,32977.21,34740.89,35492.22,32913.15,7220000000.0,-4.91
2022-03-01,34678.35,33813.48,35372.26,32578.73,9220000000.0,2.32
2022-02-01,33892.6,35151.47,35824.28,32272.64,7360000000.0,-3.53
2022-01-01,35131.86,36321.59,36952.65,33150.33,8900000000.0,-3.32
2021-12-01,36338.3,34678.94,36679.44,34006.98,8410000000.0,5.38
2021-11-01,34483.72,35833.65,36565.73,34424.44,7230000000.0,-3.73
2021-10-01,35819.56,33930.7,35892.92,33785.54,6770000000.0,5.84
2021-09-01,33843.92,35387.55,35475.4,33613.03,6660000000.0,-4.29
2021-08-01,35360.73,34968.56,35631.19,34690.25,5660000000.0,1.22
2021-07-01,34935.47,34507.32,35171.52,33741.76,6710000000.0,1.25
2021-06-01,34502.51,34584.19,34849.32,33271.93,6830000000.0,-0.08
2021-05-01,34529.45,33904.89,35091.56,33473.8,6610000000.0,1.93
2021-04-01,33874.85,33054.58,34256.75,32985.35,6890000000.0,2.71
2021-03-01,32981.55,31065.9,33259.0,30547.53,9790000000.0,6.62
2021-02-01,30932.37,30054.73,32009.64,30014.97,6770000000.0,3.17
2021-01-01,29982.62,30627.47,31272.22,29856.3,8220000000.0,-2.04
2020-12-01,30606.48,29797.5,30637.47,29599.29,8180000000.0,3.27
2020-11-01,29638.64,26691.28,30116.51,26691.28,7920000000.0,11.84
2020-10-01,26501.6,27940.63,28957.9,26143.77,8510000000.0,-4.61
2020-09-01,27781.7,28439.61,29199.35,26537.01,10050000000.0,-2.28
2020-08-01,28430.05,26542.32,28733.35,26534.38,7510000000.0,7.57
2020-07-01,26428.32,25879.38,27071.33,25523.51,8270000000.0,2.38
2020-06-01,25812.88,25342.99,27580.21,24843.18,9820000000.0,1.69
2020-05-01,25383.11,24120.78,25758.79,22789.62,8010000000.0,4.26
2020-04-01,24345.72,21227.38,24764.77,20735.02,9880000000.0,11.08
2020-03-01,21917.16,25590.51,27102.34,18213.65,15600000000.0,-13.74
2020-02-01,25409.36,28319.65,29568.57,24681.01,7050000000.0,-10.07
2020-01-01,28256.03,28638.97,29373.62,28169.53,6270000000.0,-0.99
2019-12-01,28538.44,28109.74,28701.66,27325.13,5140000000.0,1.74
2019-11-01,28051.41,27142.95,28174.97,27142.95,4980000000.0,3.72
2019-10-01,27046.23,26962.54,27204.36,25743.46,5720000000.0,0.48
2019-09-01,26916.83,26198.26,27306.73,25978.22,5090000000.0,1.95
2019-08-01,26403.28,26879.86,27175.59,25339.6,6240000000.0,-1.72
2019-07-01,26864.27,26805.86,27398.68,26616.21,5270000000.0,0.99
2019-06-01,26599.96,24830.16,26907.37,24680.57,5540000000.0,7.19
2019-05-01,24815.04,26639.06,26689.39,24809.51,6360000000.0,-6.69
2019-04-01,26592.91,26075.1,26695.96,26062.59,5850000000.0,2.56
2019-03-01,25928.68,26019.67,26155.98,25208.0,6630000000.0,0.05
2019-02-01,25916.0,25025.31,26241.42,24883.04,5430000000.0,3.67
2019-01-01,24999.67,23058.61,25109.62,22638.41,7190000000.0,7.17
2018-12-01,23327.46,25779.57,25980.21,21712.53,8100000000.0,-8.66
2018-11-01,25538.46,25142.08,26277.82,24268.74,7230000000.0,1.68
2018-10-01,25115.76,26598.36,26951.81,24122.23,8370000000.0,-5.07
2018-09-01,26458.31,25916.07,26769.16,25754.32,5260000000.0,1.9
2018-08-01,25964.82,25461.63,26167.94,24965.77,5640000000.0,2.16
2018-07-01,25415.19,24161.53,25587.24,24077.56,5410000000.0,4.71
2018-06-01,24271.41,24542.09,25402.83,23997.21,7410000000.0,-0.59
2018-05-01,24415.84,24117.29,25086.49,23531.31,7280000000.0,1.05
2018-04-01,24163.15,24076.6,24858.97,23344.52,8060000000.0,0.25
2018-03-01,24103.11,25024.04,25449.15,23509.06,8870000000.0,-3.7
2018-02-01,25029.2,26083.04,26306.7,23360.29,9450000000.0,-4.28
2018-01-01,26149.39,24809.35,26616.71,24741.7,9120000000.0,5.79
2017-12-01,24719.22,24305.4,24876.07,23921.9,6590000000.0,1.84
2017-11-01,24272.35,23442.9,24327.82,23242.75,7340000000.0,3.83
2017-10-01,23377.24,22423.47,23485.25,22416.0,7300000000.0,4.34
2017-09-01,22405.09,21981.77,22419.51,21709.63,6340000000.0,2.08
2017-08-01,21948.1,21961.42,22179.11,21600.34,6150000000.0,0.26
2017-07-01,21891.12,21392.3,21929.8,21279.3,5570000000.0,2.54
2017-06-01,21349.63,21030.55,21535.03,20994.22,7210000000.0,1.62
2017-05-01,21008.65,20962.73,21112.32,20553.45,6610000000.0,0.33
2017-04-01,20940.51,20665.17,21070.9,20379.55,5390000000.0,1.34
2017-03-01,20663.22,20957.29,21169.11,20412.8,6940000000.0,-0.72
2017-02-01,20812.24,19923.81,20851.33,19831.09,6190000000.0,4.77
2017-01-01,19864.09,19872.86,20125.58,19677.94,6480000000.0,0.51
2016-12-01,19762.6,19149.2,19987.63,19138.79,5950000000.0,3.34
2016-11-01,19123.58,18158.24,19225.29,17883.56,2110000000.0,5.41
2016-10-01,18142.42,18279.6,18399.96,17959.95,1790000000.0,-0.91
2016-09-01,18308.15,18396.57,18551.54,17992.21,2100000000.0,-0.5
2016-08-01,18400.88,18434.5,18668.44,18247.79,1700000000.0,-0.17
2016-07-01,18432.24,17924.24,18622.01,17713.45,1820000000.0,2.8
2016-06-01,17929.99,17754.55,18016.0,17063.08,2350000000.0,0.8
2016-05-01,17787.2,17783.78,17934.61,17331.07,1880000000.0,0.08
2016-04-01,17773.64,17661.74,18167.63,17484.23,2100000000.0,0.5
2016-03-01,17685.09,16545.67,17790.11,16545.67,2410000000.0,7.08
2016-02-01,16516.5,16453.63,16795.98,15503.01,2490000000.0,0.3
2016-01-01,16466.3,17405.48,17405.48,15450.56,2840000000.0,-5.5
2015-12-01,17425.03,17719.72,17901.58,17116.73,2520000000.0,-1.66
2015-11-01,17719.92,17672.62,17977.85,17210.43,2300000000.0,0.32
2015-10-01,17663.54,16278.62,17799.96,16013.66,2610000000.0,8.47
2015-09-01,16284.7,16528.03,16933.43,15942.37,2720000000.0,-1.47
2015-08-01,16528.03,17696.74,17704.76,15370.33,2730000000.0,-6.57
2015-07-01,17689.86,17638.12,18137.12,17399.17,2030000000.0,0.4
2015-06-01,17619.51,18017.82,18188.81,17576.5,2220000000.0,-2.17
2015-05-01,18010.68,17859.27,18351.36,17733.12,1830000000.0,0.95
2015-04-01,17840.52,17778.52,18175.56,17585.01,2170000000.0,0.36
2015-03-01,17776.12,18134.05,18288.63,17579.27,2470000000.0,-1.97
2015-02-01,18132.7,17169.99,18244.38,17037.76,1750000000.0,5.64
2015-01-01,17164.95,17823.07,17951.78,17136.3,2170000000.0,-3.69
2014-12-01,17823.07,17827.27,18103.45,17067.59,2220000000.0,-0.03
2014-11-01,17828.24,17390.9,17894.83,17278.36,1520000000.0,2.52
2014-10-01,17390.52,17040.46,17395.54,15855.12,2310000000.0,2.04
2014-09-01,17042.9,17097.42,17350.64,16934.43,1870000000.0,-0.32
2014-08-01,17098.45,16561.7,17153.8,16333.78,1480000000.0,3.23
2014-07-01,16563.3,16828.53,17151.56,16563.3,1690000000.0,-1.56
2014-06-01,16826.6,16716.85,16978.02,16673.65,1760000000.0,0.65
2014-05-01,16717.17,16580.26,16735.51,16341.3,1640000000.0,0.82
2014-04-01,16580.84,16458.05,16631.63,16015.32,1990000000.0,0.75
2014-03-01,16457.66,16321.71,16505.7,16046.99,2100000000.0,0.83
2014-02-01,16321.71,15697.69,16398.95,15340.69,2070000000.0,3.97
2014-01-01,15698.85,16572.17,16573.07,15617.55,2180000000.0,-5.3
2013-12-01,16576.66,16087.12,16588.25,15703.79,2060000000.0,3.05
2013-11-01,16086.41,15558.01,16174.51,15522.18,1820000000.0,3.48
2013-10-01,15545.75,15132.49,15721.0,14719.43,2210000000.0,2.75
2013-09-01,15129.67,14801.55,15709.58,14777.48,2370000000.0,2.16
2013-08-01,14810.31,15503.85,15658.43,14760.41,2330000000.0,-4.45
2013-07-01,15499.54,14911.6,15634.32,14858.93,2570000000.0,3.96
2013-06-01,14909.6,15123.55,15340.09,14551.27,2930000000.0,-1.36
2013-05-01,15115.57,14839.8,15542.4,14687.05,2770000000.0,1.86
2013-04-01,14839.8,14578.54,14887.51,14434.43,2920000000.0,1.79
2013-03-01,14578.54,14054.49,14585.1,13937.6,2550000000.0,3.73
2013-02-01,14054.49,13860.58,14149.15,13784.01,2490000000.0,1.4
2013-01-01,13860.58,13104.3,13969.99,13104.3,2790000000.0,5.77
2012-12-01,13104.14,13027.73,13365.86,12883.89,2670000000.0,0.6
2012-11-01,13025.58,13099.19,13290.75,12471.49,2680000000.0,-0.54
2012-10-01,13096.46,13437.66,13661.87,13039.86,2470000000.0,-2.54
2012-09-01,13437.13,13092.15,13653.24,12977.09,2700000000.0,2.65
2012-08-01,13090.84,13007.47,13330.76,12778.9,2270000000.0,0.63
2012-07-01,13008.68,12879.71,13128.64,12492.25,2580000000.0,1.0
2012-06-01,12880.09,12391.56,12898.94,12035.09,2920000000.0,3.93
2012-05-01,12393.45,13214.16,13338.66,12311.56,3050000000.0,-6.21
2012-04-01,13213.63,13211.36,13297.11,12710.56,2570000000.0,0.01
2012-03-01,13212.04,12952.29,13289.08,12734.86,3200000000.0,2.01
2012-02-01,12952.07,12632.76,13055.75,12632.76,2710000000.0,2.53
2012-01-01,12632.91,12221.19,12841.95,12221.19,2980000000.0,3.4
2011-12-01,12217.56,12046.21,12328.47,11735.19,3150000000.0,1.43
2011-11-01,12045.68,11951.53,12187.51,11231.56,3400000000.0,0.76
2011-10-01,11955.01,10912.1,12284.31,10404.49,3910000000.0,9.54
2011-09-01,10913.38,11613.3,11716.84,10597.14,4400000000.0,-6.03
2011-08-01,11613.53,12144.22,12282.42,10604.07,6200000000.0,-4.36
2011-07-01,12143.24,12412.07,12753.89,12083.45,3090000000.0,-2.18
2011-06-01,12414.34,12569.41,12569.49,11862.53,3880000000.0,-1.24
2011-05-01,12569.79,12810.16,12876.0,12309.52,3580000000.0,-1.88
2011-04-01,12810.54,12321.02,12832.83,12093.89,3320000000.0,3.98
2011-03-01,12319.73,12226.49,12383.46,11555.48,3850000000.0,0.76
2011-02-01,12226.34,11892.5,12391.29,11892.5,3220000000.0,2.81
2011-01-01,11891.93,11577.43,12020.52,11573.87,3680000000.0,2.72
2010-12-01,11577.51,11007.23,11625.0,11007.23,3250000000.0,5.19
2010-11-01,11006.02,11120.3,11451.53,10929.28,3810000000.0,-1.01
2010-10-01,11118.49,10789.72,11247.6,10711.12,3790000000.0,3.06
2010-09-01,10788.05,10016.01,10948.88,10016.01,3760000000.0,7.72
2010-08-01,10014.72,10468.82,10719.94,9936.62,4120000000.0,-4.31
2010-07-01,10465.94,9773.27,10584.99,9614.32,4200000000.0,7.08
2010-06-01,9774.02,10133.94,10594.16,9753.84,4940000000.0,-3.58
2010-05-01,10136.63,11009.6,11177.67,9774.48,5610000000.0,-7.92
2010-04-01,11008.61,10857.31,11258.01,10844.09,4240000000.0,1.4
2010-03-01,10856.63,10326.1,10955.48,10326.1,4390000000.0,5.15
2010-02-01,10325.26,10068.99,10438.55,9835.09,4280000000.0,2.56
2010-01-01,10067.33,10430.69,10729.89,10043.75,4390000000.0,-3.46
2009-12-01,10428.05,10343.82,10580.33,10235.63,4170000000.0,0.8
2009-11-01,10344.84,9712.13,10495.61,9678.95,3810000000.0,6.51
2009-10-01,9712.73,9711.6,10119.47,9430.08,5150000000.0,0.0
2009-09-01,9712.28,9492.32,9917.99,9252.93,4480000000.0,2.27
2009-08-01,9496.28,9173.65,9630.2,9116.52,4040000000.0,3.54
2009-07-01,9171.61,8447.53,9246.43,8087.19,4900000000.0,8.58
2009-06-01,8447.0,8501.53,8877.93,8259.43,5520000000.0,-0.63
2009-05-01,8500.33,8167.41,8591.93,8099.31,6730000000.0,4.07
2009-04-01,8168.12,7606.13,8307.51,7483.87,7800000000.0,7.35
2009-03-01,7608.92,7056.48,7931.33,6469.95,10560000000.0,7.73
2009-02-01,7062.93,8000.62,8315.07,7033.62,7130000000.0,-11.72
2009-01-01,8000.86,8772.25,9088.06,7909.03,6260000000.0,-8.84
2008-12-01,8776.39,8826.89,9026.41,8118.5,5700000000.0,-0.6
2008-11-01,8829.04,9326.04,9653.95,7449.38,6260000000.0,-5.32
2008-10-01,9325.01,10847.4,10882.52,7882.51,8310000000.0,-14.06
2008-09-01,10850.66,11545.63,11790.17,10365.45,6300000000.0,-6.0
2008-08-01,11543.55,11379.89,11867.11,11221.53,3580000000.0,1.45
2008-07-01,11378.02,11344.64,11698.17,10827.71,5520000000.0,0.25
2008-06-01,11350.01,12637.67,12638.08,11287.56,5310000000.0,-10.19
2008-05-01,12638.32,12818.34,13136.69,12442.59,4530000000.0,-1.42
2008-04-01,12820.13,12266.64,13010.0,12266.47,5050000000.0,4.54
2008-03-01,12262.89,12264.36,12622.07,11731.6,6230000000.0,-0.03
2008-02-01,12266.39,12638.17,12767.74,12069.47,5720000000.0,-3.04
2008-01-01,12650.36,13261.82,13279.54,11634.82,7460000000.0,-4.63
2007-12-01,13264.82,13368.22,13780.11,13092.0,4310000000.0,-0.8
2007-11-01,13371.72,13924.16,13924.16,12724.09,5980000000.0,-4.01
2007-10-01,13930.01,13895.71,14198.1,13407.49,5010000000.0,0.25
2007-09-01,13895.63,13358.39,13924.81,13021.93,4330000000.0,4.03
2007-08-01,13357.74,13211.09,13695.82,12517.94,6200000000.0,1.1
2007-07-01,13211.99,13409.6,14021.95,13199.79,5510000000.0,-1.47
2007-06-01,13408.62,13628.69,13692.0,13251.53,5220000000.0,-1.61
2007-05-01,13627.64,13062.75,13673.07,13041.3,4990000000.0,4.32
2007-04-01,13062.91,12354.52,13162.06,12324.28,4820000000.0,5.74
2007-03-01,12354.35,12265.59,12511.05,11939.61,5630000000.0,0.7
2007-02-01,12268.63,12617.2,12795.93,12086.06,4350000000.0,-2.8
2007-01-01,12621.69,12459.54,12657.02,12337.37,4990000000.0,1.27
2006-12-01,12463.15,12220.97,12529.88,12089.98,4340000000.0,1.97
2006-11-01,12221.93,12080.25,12361.0,11965.31,4720000000.0,1.17
2006-10-01,12080.73,11678.99,12167.02,11653.06,5540000000.0,3.44
2006-09-01,11679.07,11382.75,11741.99,11323.84,4490000000.0,2.62
2006-08-01,11381.15,11184.8,11407.08,11042.64,4620000000.0,1.75
2006-07-01,11185.68,11149.34,11257.08,10683.32,5550000000.0,0.32
2006-06-01,11150.22,11169.03,11285.82,10698.85,6920000000.0,-0.16
2006-05-01,11168.31,11367.78,11670.19,11030.47,7300000000.0,-1.75
2006-04-01,11367.14,11113.0,11417.66,11039.12,5580000000.0,2.32
2006-03-01,11109.32,10993.25,11334.96,10922.73,6680000000.0,1.05
2006-02-01,10993.41,10862.14,11159.18,10737.67,5760000000.0,1.18
2006-01-01,10864.86,10718.3,11047.76,10661.15,6430000000.0,1.37
2005-12-01,10717.5,10806.03,10940.34,10709.42,5220000000.0,-0.82
2005-11-01,10805.87,10437.51,10959.79,10388.76,5390000000.0,3.5
2005-10-01,10440.07,10569.5,10608.56,10156.46,5830000000.0,-1.22
2005-09-01,10568.7,10481.44,10701.81,10350.96,5220000000.0,0.83
2005-08-01,10481.6,10641.78,10719.41,10349.37,5080000000.0,-1.5
2005-07-01,10640.91,10273.59,10717.73,10175.4,4820000000.0,3.56
2005-06-01,10274.97,10462.86,10656.29,10253.49,5030000000.0,-1.84
2005-05-01,10467.48,10192.0,10560.81,10075.55,4840000000.0,2.7
2005-04-01,10192.51,10504.57,10568.93,10000.46,5850000000.0,-2.96
2005-03-01,10503.76,10769.04,10984.46,10396.24,5820000000.0,-2.44
2005-02-01,10766.23,10489.72,10853.43,10489.64,5040000000.0,2.63
2005-01-01,10489.94,10783.75,10867.39,10368.61,5300000000.0,-2.72
2004-12-01,10783.01,10425.8,10868.07,10418.63,5740000000.0,3.4
2004-11-01,10428.02,10028.73,10602.85,10010.15,5610000000.0,3.99
2004-10-01,10027.47,10082.04,10270.37,9708.4,5290000000.0,-0.52
2004-09-01,10080.27,10170.12,10363.36,9977.92,4630000000.0,-0.92
2004-08-01,10173.92,10138.45,10211.25,9783.91,3720000000.0,0.34
2004-07-01,10139.71,10434.0,10448.09,9913.92,4450000000.0,-2.83
2004-06-01,10435.48,10187.18,10487.54,10134.86,4110000000.0,2.42
2004-05-01,10188.45,10227.27,10386.32,9852.19,4020000000.0,-0.36
2004-04-01,10225.57,10357.52,10570.81,10219.18,4530000000.0,-1.28
2004-03-01,10357.7,10582.25,10695.55,10007.49,4970000000.0,-2.14
2004-02-01,10583.92,10487.78,10753.63,10434.67,3820000000.0,0.91
2004-01-01,10488.07,10452.74,10705.18,10367.41,4380000000.0,0.33
2003-12-01,10453.92,9785.35,10462.44,9785.35,4170000000.0,6.86
2003-11-01,9782.46,9802.46,9903.57,9585.5,3550000000.0,-0.19
2003-10-01,9801.12,9276.8,9850.01,9276.8,4790000000.0,5.67
2003-09-01,9275.06,9416.67,9686.08,9230.47,4390000000.0,-1.49
2003-08-01,9415.82,9232.68,9499.97,8997.11,3810000000.0,1.97
2003-07-01,9233.8,8983.66,9361.4,8871.2,4910000000.0,2.76
2003-06-02,8985.44,8851.45,9352.77,8851.45,248180000.0,0.0
2003-06-01,8985.44,8851.45,9352.77,8851.45,4990000000.0,1.53
2003-05-01,8850.26,8478.48,8868.33,8340.23,4870000000.0,4.37
2003-04-01,8480.09,7992.83,8559.77,7979.69,5130000000.0,6.11
2003-03-03,7992.13,7890.24,8522.18,7416.64,281790000.0,0.0
2003-03-01,7992.13,7890.24,8522.18,7416.64,5620000000.0,1.28
2003-02-03,7891.08,8053.74,8152.53,7628.99,245440000.0,0.0
2003-02-01,7891.08,8053.74,8152.53,7628.99,4420000000.0,-2.02
2003-01-02,8053.81,8342.38,8869.29,7917.16,273050000.0,0.0
2003-01-01,8053.81,8342.38,8869.29,7917.16,5430000000.0,-3.45
2002-12-02,8341.63,8902.95,9043.37,8242.91,228460000.0,0.0
2002-12-01,8341.63,8902.95,9043.37,8242.91,4610000000.0,-6.23
2002-11-01,8896.09,8395.64,8950.33,8298.68,5340000000.0,5.94
2002-10-01,8397.03,7593.04,8558.63,7197.49,7500000000.0,10.6
2002-09-03,7591.93,8659.27,8726.9,7460.78,298760000.0,0.0
2002-09-01,7591.93,8659.27,8726.9,7460.78,5600000000.0,-12.37
2002-08-01,8663.5,8732.58,9077.01,8030.82,5590000000.0,-0.84
2002-07-01,8736.59,9239.25,9410.38,7532.66,7660000000.0,-5.48
2002-06-03,9243.26,9923.94,9986.49,8926.57,305770000.0,0.0
2002-06-01,9243.26,9923.94,9986.49,8926.57,5800000000.0,-6.87
2002-05-01,9925.25,9944.9,10353.43,9802.23,4800000000.0,-0.21
2002-04-01,9946.22,10402.07,10402.07,9811.57,5110000000.0,-4.4
2002-03-01,10403.94,10111.04,10673.1,10111.04,4560000000.0,2.95
2002-02-01,10106.13,9923.04,10255.24,9580.32,4650000000.0,1.88
2002-01-02,9920.0,10021.71,10300.15,9529.46,248940000.0,0.0
2002-01-01,9920.0,10021.71,10300.15,9529.46,4960000000.0,-1.01
2001-12-03,10021.57,9848.93,10184.45,9703.9,222480000.0,0.0
2001-12-01,10021.5,9848.93,10184.45,9703.9,4270000000.0,1.73
2001-11-01,9851.56,9087.45,9992.79,9014.46,4660000000.0,8.56
2001-10-01,9075.14,8845.97,9598.17,8732.14,5720000000.0,2.57
2001-09-04,8847.56,9946.98,10182.38,8062.34,393050000.0,0.0
2001-09-01,8847.56,9946.98,10182.38,8062.34,5560000000.0,-11.08
2001-08-01,9949.75,10527.38,10609.65,9869.14,4080000000.0,-5.45
2001-07-02,10522.81,10504.95,10679.12,10120.89,230020000.0,0.0
2001-07-01,10522.81,10504.95,10679.12,10120.89,4610000000.0,0.19
2001-06-01,10502.4,10913.57,11196.53,10394.72,4890000000.0,-3.75
2001-05-01,10911.94,10734.05,11350.05,10673.22,4520000000.0,1.65
2001-04-02,10734.97,9877.16,10906.41,9375.72,272380000.0,0.0
2001-04-01,10734.97,9877.16,10906.41,9375.72,5180000000.0,8.67
2001-03-01,9878.78,10493.25,10859.5,9106.54,6040000000.0,-5.87
2001-02-01,10495.28,10884.82,11035.14,10294.01,4160000000.0,-3.6
2001-01-02,10887.36,10790.92,11028.0,10468.04,290790000.0,0.0
2001-01-01,10887.36,10790.92,11028.0,10468.04,5830000000.0,0.93
2000-12-01,10786.85,10416.76,10917.68,10299.21,5210000000.0,3.58
2000-11-01,10414.49,10966.21,11006.5,10292.39,4680000000.0,-5.07
2000-10-02,10971.14,10659.06,10995.41,9654.64,297120000.0,0.0
2000-10-01,10971.14,10659.06,10995.41,9654.64,6260000000.0,3.01
2000-09-01,10650.92,11219.54,11401.19,10567.32,4640000000.0,-5.03
2000-08-01,11215.1,10523.81,11319.06,10516.76,3620000000.0,6.59
2000-07-03,10521.98,10450.36,10874.63,10393.09,171240000.0,0.0
2000-07-01,10521.98,10450.36,10874.63,10393.09,3250000000.0,0.71
2000-06-01,10447.9,10532.27,10863.0,10335.46,3790000000.0,-0.71
2000-05-01,10522.34,10749.42,10971.24,10258.81,3820000000.0,-1.97
2000-04-03,10733.91,10863.28,11425.45,10201.53,222280000.0,0.0
2000-04-01,10733.92,10863.28,11425.45,10201.53,4050000000.0,-1.72
2000-03-01,10921.93,10128.11,11234.65,9731.81,4750000000.0,7.84
2000-02-01,10128.31,10937.74,11118.93,9836.06,3660000000.0,-7.42
2000-01-03,10940.53,11501.85,11750.28,10701.64,202320000.0,0.0
2000-01-01,10940.54,11501.85,11750.28,10701.64,3830000000.0,-4.84
1999-12-01,11497.12,10876.47,11568.77,10859.65,3170000000.0,5.69
1999-11-01,10877.81,10730.79,11112.77,10536.27,3250000000.0,1.38
1999-10-01,10729.87,10335.69,10790.02,9976.02,2290000000.0,3.8
1999-09-01,10336.96,10828.44,11142.41,10081.13,1750000000.0,-4.55
1999-08-02,10829.28,10654.83,11365.93,10549.08,89010000.0,0.0
1999-08-01,10829.28,10654.83,11365.93,10549.08,1820000000.0,1.63
1999-07-01,10655.15,10966.05,11252.27,10647.86,1670000000.0,-2.88
1999-06-01,10970.81,10561.01,11003.41,10409.14,1770000000.0,3.89
1999-05-03,10559.74,10789.04,11130.67,10434.26,95770000.0,0.0
1999-05-01,10559.75,10789.04,11130.67,10434.26,1840000000.0,-2.13
1999-04-01,10789.04,9786.44,10961.71,9765.63,2100000000.0,10.25
1999-03-01,9786.16,9307.39,10085.31,9211.23,1950000000.0,5.15
1999-02-01,9306.57,9359.6,9611.33,9099.04,1550000000.0,-0.56
1999-01-04,9358.83,9184.01,9647.96,9063.26,96450000.0,0.0
1999-01-01,9358.82,9184.01,9647.96,9063.26,1750000000.0,1.93
1998-12-01,9181.43,9116.55,9334.88,8676.03,1490000000.0,0.71
1998-11-02,9116.55,8595.7,9380.2,8595.7,73060000.0,0.0
1998-11-01,9116.55,8595.7,9380.2,8595.7,1390000000.0,6.1
1998-10-01,8592.11,7841.33,8659.81,7467.49,1920000000.0,9.56
1998-09-01,7842.62,7545.76,8182.47,7400.3,1900000000.0,4.03
1998-08-03,7539.07,8883.29,8886.12,7539.07,83790000.0,0.0
1998-08-01,7539.06,8883.29,8886.12,7539.07,1640000000.0,-15.13
1998-07-01,8883.29,8958.99,9367.84,8816.09,1500000000.0,-0.77
1998-06-01,8952.01,8900.95,9104.72,8569.88,1290000000.0,0.58
1998-05-01,8899.95,9066.61,9261.91,8788.1,1070000000.0,-1.8
1998-04-01,9063.36,8801.56,9213.33,8748.74,1390000000.0,2.99
1998-03-02,8799.81,8544.47,8959.24,8405.72,56980000.0,0.0
1998-03-01,8799.8,8544.47,8959.24,8405.72,1190000000.0,2.97
1998-02-02,8545.72,7909.99,8566.89,7909.99,774500.0,0.0
1998-02-01,8545.71,7909.99,8566.89,7909.99,1030000000.0,8.08
1998-01-02,7906.5,7910.2,8035.54,7443.41,68900000.0,0.0
1998-01-01,7906.5,7910.49,8035.54,7443.41,1320000000.0,-0.02
1997-12-01,7908.24,7825.12,8166.29,7576.93,1160000000.0,1.09
1997-11-03,7823.1,7445.8,7881.07,7349.99,57280000.0,0.0
1997-11-01,7823.12,7443.07,7881.07,7349.99,1070000000.0,5.12
1997-10-01,7442.08,7992.17,8184.7,6971.32,1610000000.0,-6.33
1997-09-02,7945.3,7631.7,8035.63,7580.85,60110000.0,0.0
1997-09-01,7945.25,7667.25,8035.63,7580.85,1220000000.0,4.24
1997-08-01,7622.42,8213.78,8299.49,7606.86,1120000000.0,-7.3
1997-07-01,8222.61,7692.47,8282.77,7667.36,1270000000.0,7.17
1997-06-02,7672.8,7331.0,7834.06,7253.78,54080000.0,0.0
1997-06-01,7672.79,7351.65,7834.06,7253.78,1090000000.0,4.66
1997-05-01,7331.04,6980.09,7394.95,6913.06,1050000000.0,4.59
1997-04-01,7008.99,6562.33,7057.55,6356.37,1100000000.0,6.46
1997-03-03,6583.48,6874.3,7112.1,6561.2,51280000.0,0.0
1997-03-01,6583.47,6836.56,7112.1,6561.2,949170000.0,-4.28
1997-02-03,6877.74,6810.8,7073.62,6710.72,42500000.0,0.0
1997-02-01,6877.73,6813.86,7073.62,6710.72,766000000.0,0.95
1997-01-02,6813.09,6447.5,6906.6,6352.83,47520000.0,0.0
1997-01-01,6813.08,6461.73,6906.22,6352.82,1000000000.0,5.66
1996-12-02,6448.27,6520.6,6587.05,6236.05,38720000.0,0.0
1996-12-01,6448.26,6501.58,6587.05,6236.05,781180000.0,-1.13
1996-11-01,6521.7,6036.46,6589.53,5998.82,741540000.0,8.17
1996-10-01,6029.38,5878.81,6134.11,5861.67,761290000.0,2.5
1996-09-03,5882.17,5611.8,5929.89,5561.46,33860000.0,0.0
1996-09-01,5882.16,5581.07,5929.88,5561.46,649320000.0,4.74
1996-08-01,5616.2,5534.09,5739.02,5524.1,615810000.0,1.58
1996-07-01,5528.91,5670.14,5733.31,5182.32,779870000.0,-2.22
1996-06-03,5654.63,5643.9,5742.54,5580.38,33980000.0,0.0
1996-06-01,5654.62,5627.29,5742.54,5580.38,647780000.0,0.2
1996-05-01,5643.17,5554.26,5796.1,5342.19,801910000.0,1.33
1996-04-01,5569.07,5609.9,5697.69,5415.53,756530000.0,-0.32
1996-03-01,5587.14,5524.64,5709.97,5424.2,831130000.0,1.85
1996-02-01,5485.62,5387.35,5659.4,5348.34,775580000.0,1.67
1996-01-02,5395.3,5115.7,5408.67,5014.52,40720000.0,0.0
1996-01-01,5395.3,5107.0,5408.67,5000.79,851550000.0,5.44
1995-12-01,5117.12,5074.13,5235.62,5031.5,602280000.0,0.84
1995-11-01,5074.49,4749.34,5118.93,4744.64,598970000.0,6.71
1995-10-02,4755.48,4789.8,4816.9,4659.74,32480000.0,0.0
1995-10-01,4755.48,4786.55,4816.9,4659.74,685560000.0,-0.7
1995-09-01,4789.08,4610.2,4816.54,4607.03,702700000.0,3.87
1995-08-01,4610.56,4711.28,4754.96,4570.85,623010000.0,-2.08
1995-07-03,4708.47,4556.1,4747.21,4551.25,34740000.0,0.0
1995-07-01,4708.47,4552.98,4747.21,4551.25,665570000.0,3.34
1995-06-01,4556.09,4457.19,4593.1,4406.69,632140000.0,2.04
1995-05-01,4465.14,4316.43,4465.14,4301.56,689940000.0,3.33
1995-04-03,4321.27,4157.7,4328.53,4155.96,30380000.0,0.0
1995-04-01,4321.27,4159.42,4328.53,4155.96,547540000.0,3.93
1995-03-01,4157.69,3992.03,4198.84,3945.69,702570000.0,3.66
1995-02-01,4011.05,3850.25,4021.23,3831.41,539850000.0,4.35
1995-01-03,3843.86,3834.4,3936.72,3817.26,31180000.0,0.0
1995-01-01,3843.86,3831.41,3936.72,3817.26,615770000.0,0.25
1994-12-01,3834.44,3733.51,3866.4,3655.11,533410000.0,2.55
1994-11-01,3739.22,3892.98,3907.78,3638.83,613280000.0,-4.32
1994-10-03,3908.12,3843.2,3949.84,3747.97,31820000.0,0.0
1994-10-01,3908.12,3850.59,3949.84,3747.97,636270000.0,1.69
1994-09-01,3843.18,3899.5,3953.88,3820.21,591490000.0,-1.79
1994-08-01,3913.42,3767.09,3939.32,3736.33,625180000.0,3.96
1994-07-01,3764.5,3654.42,3770.0,3623.02,450820000.0,3.85
1994-06-01,3624.96,3753.14,3823.39,3610.4,537000000.0,-3.55
1994-05-02,3758.37,3681.7,3772.79,3623.1,26340000.0,0.0
1994-05-01,3758.37,3683.77,3772.79,3623.1,505570000.0,2.08
1994-04-04,3681.69,3634.5,3710.84,3552.47,30980000.0,0.0
1994-04-01,3681.69,3552.18,3710.84,3552.18,566700000.0,1.26
1994-03-01,3635.96,3828.93,3895.94,3559.09,667470000.0,-5.12
1994-02-01,3832.02,3976.67,3982.02,3826.39,508570000.0,-3.68
1994-01-03,3978.36,3754.1,3985.96,3742.81,30760000.0,0.0
1994-01-01,3978.36,3751.57,3985.96,3742.81,619540000.0,5.97
1993-12-01,3754.09,3707.7,3799.92,3685.06,501360000.0,1.9
1993-11-01,3683.95,3673.33,3717.76,3600.67,566680000.0,0.09
1993-10-01,3680.59,3557.36,3708.82,3553.72,529130000.0,3.53
1993-09-01,3555.12,3642.31,3655.72,3507.06,487800000.0,-2.63
1993-08-02,3651.25,3539.5,3663.83,3536.96,24830000.0,0.0
1993-08-01,3651.25,3542.55,3663.83,3536.96,526610000.0,3.16
1993-07-01,3539.47,3520.51,3583.9,3449.93,500960000.0,0.67
1993-06-01,3516.08,3534.07,3569.78,3462.66,461150000.0,-0.32
1993-05-03,3527.43,3439.44,3565.07,3415.33,24520000.0,0.0
1993-05-01,3527.43,3435.65,3565.07,3415.33,472650000.0,2.91
1993-04-01,3427.55,3444.57,3481.58,3363.79,645980000.0,-0.22
1993-03-01,3435.11,3380.81,3482.12,3343.26,586100000.0,1.91
1993-02-01,3370.81,3315.16,3456.73,3266.8,577510000.0,1.84
1993-01-04,3310.0,3301.1,3320.83,3231.95,32100000.0,0.0
1993-01-01,3310.03,3312.46,3320.83,3231.95,620030000.0,0.27
1992-12-01,3301.11,3299.22,3352.71,3248.16,510280000.0,-0.12
1992-11-02,3305.2,3226.3,3308.41,3184.67,23770000.0,0.0
1992-11-01,3305.16,3224.12,3308.41,3184.67,452350000.0,2.44
1992-10-01,3226.28,3279.23,3280.85,3095.79,523780000.0,-1.39
1992-09-01,3271.66,3254.64,3376.49,3233.84,436550000.0,0.44
1992-08-03,3257.4,3393.8,3399.99,3207.1,134600.0,0.0
1992-08-01,3257.35,3385.4,3399.99,3207.1,363360000.0,-4.02
1992-07-01,3393.78,3323.87,3402.96,3266.53,442090000.0,2.27
1992-06-01,3318.52,3388.58,3422.28,3254.05,475500000.0,-2.31
1992-05-01,3396.88,3355.99,3420.21,3324.02,373460000.0,1.12
1992-04-01,3359.12,3220.04,3366.5,3161.23,441520000.0,3.82
1992-03-02,3235.5,3267.7,3299.64,3188.28,18980000.0,0.0
1992-03-01,3235.47,3270.8,3299.64,3188.28,402150000.0,-0.99
1992-02-03,3267.7,3223.4,3293.38,3207.96,22580000.0,0.0
1992-02-01,3267.67,3219.81,3293.38,3207.96,411160000.0,1.37
1992-01-02,3223.4,3152.1,3299.19,3139.31,26440000.0,0.0
1992-01-01,3223.39,3152.06,3299.19,3139.31,556360000.0,1.72
1991-12-02,3168.83,2866.28,3204.61,2832.29,22950000.0,0.0
1991-12-01,3168.83,2893.11,3188.05,2839.44,455160000.0,9.47
1991-11-01,2894.68,3068.64,3082.06,2868.96,386030000.0,-5.68
1991-10-01,3069.1,3017.66,3077.37,2938.28,452960000.0,1.73
1991-09-03,3016.77,3042.04,3066.64,2963.1,19420000.0,0.0
1991-09-01,3016.77,3043.82,3060.82,2972.71,372740000.0,-0.88
1991-08-01,3043.6,3024.37,3057.91,2859.57,424050000.0,0.62
1991-07-01,3024.82,2906.75,3029.96,2906.75,368380000.0,4.06
1991-06-03,2906.75,3023.03,3057.47,2879.25,20160000.0,0.0
1991-06-01,2906.75,3027.5,3036.0,2883.72,384150000.0,-3.99
1991-05-01,3027.5,2887.87,3027.5,2840.34,426850000.0,4.84
1991-04-01,2887.87,2913.86,3017.57,2854.95,462650000.0,-0.89
1991-03-01,2913.86,2882.18,3002.72,2843.56,466000000.0,1.1
1991-02-01,2882.18,2737.38,2939.85,2706.44,538650000.0,5.33
1991-01-02,2736.39,2627.23,2747.28,2447.03,22230000.0,0.0
1991-01-01,2736.39,2633.66,2736.38,2457.67,475020000.0,3.9
1990-12-03,2633.66,2572.27,2662.62,2534.65,18380000.0,0.0
1990-12-01,2633.66,2559.65,2648.51,2539.11,354890000.0,2.89
1990-11-01,2559.65,2442.08,2572.77,2421.29,383250000.0,4.8
1990-10-01,2442.33,2452.23,2550.25,2354.21,483000000.0,-0.41
1990-09-04,2452.48,2590.84,2665.35,2367.82,20450000.0,0.0
1990-09-01,2452.48,2614.36,2653.96,2379.7,363300000.0,-6.19
1990-08-01,2614.36,2905.45,2920.54,2478.71,591410000.0,-10.01
1990-07-02,2905.2,2883.17,3024.26,2833.17,21170000.0,0.0
1990-07-01,2905.2,2880.69,3010.64,2852.72,422420000.0,0.85
1990-06-01,2880.69,2878.4,2948.54,2832.18,431040000.0,0.14
1990-05-01,2876.66,2656.76,2894.92,2656.76,438960000.0,8.28
1990-04-02,2656.76,2684.01,2793.47,2627.7,16820000.0,0.0
1990-04-01,2656.76,2706.76,2782.88,2634.01,422220000.0,-1.86
1990-03-01,2707.21,2627.7,2768.24,2618.47,428160000.0,3.04
1990-02-01,2627.25,2590.32,2664.86,2548.42,354110000.0,1.42
1990-01-02,2590.54,2748.72,2834.04,2513.06,22610000.0,0.0
1990-01-01,2590.54,2753.41,2822.95,2519.14,474840000.0,-5.91
